heads_num,d_model,forward_time,backward_time
32.0,1024.0,1.403005761998429,0.27630318699448253
32.0,4096.0,17.563844569995126,0.26652447998822026
32.0,8192.0,78.44731851399229,0.2836235070008115
64.0,1024.0,1.7168996720120049,0.28350680300172826
64.0,4096.0,18.691523986999528,0.2762275889999728
64.0,8192.0,78.79928451500928,0.2903662209955655
