heads_num,d_model,forward_time,backward_time
32.0,1024.0,1.3522499019996985,0.273307255000077
