heads_num,context_length,forward_time,backward_time,d_model
64.0,,1.7269656799890072,0.26712905800559383,1024.0
128.0,,2.398666114990192,0.2663023100049031,1024.0
