heads_num,d_model,forward_time,backward_time
32.0,2560.0,7.238393377999159,0.2754700350006942
