N,stages=1,stages=2,stages=3
16.000000,0.014336,0.013312,0.013312
32.000000,0.015360,0.014336,0.013312
64.000000,0.016384,0.015360,0.014336
