heads_num,d_model,forward_time,backward_time
32.0,2560.0,7.228870548998202,0.2833125340011975
